이름,분류,용량(ml),가격(원),칼로리(kcal),당류(g),카페인(mg)
에스프레소,coffee,200,2850,20,5.8,86
흑당라테,커피,400,3000,21,6.5,NA
메밀차,차,600,1750,31,4.9,8
감귤 주스,주스,180,29000,68,16.2,0
사과 주스,주스,180,1850,33,7.0,NA
현미녹차,차,600,1500,5,0.6,13
홍차,차,340,1150,10,1.4,33
크림 소다,탄산 ,250,1300,95,NA,13
전해질 워터,이온음료,5000,1900,80,17.0,0
레몬 이온음료,이온음료,300,1550,91,NA,NA
토마토 주스,주스,240,1800,83,NA,NA
아메리카노,커피,250,2550,28,7.1,NA
자몽 이온음료,이온음료,300,1500,72,NA,NA
콜드브루,커피,200,2550,8,4.6,NA
오렌지 주스,주스,240,2600,56,14.8,NA
아쿠아 스포츠,이온음료,600,1900,136,33.4,NA
파인애플 주스,주스,400,1750,83,19.0,0
자스민차,차,500,1400,19,2.5,33
민트모카,커피,250,2200,17,3.5,64
망고 주스,주스,180,NA,36,6.6,0
카페모카,커피,400,NA,68,18.8,115
코코넛라테,커피,250,2200,46,12.9,110
카페라테,커피,300,2550,12,0.8,72
돌체라테,커피,400,3250,33,7.6,127
블루 이온음료,이온음료,300,1900,93,19.5,0
포도 주스,주스,240,3050,77,18.9,0
제로 사이다,탄산 ,500,1800,0,0.0,0
복숭아 탄산,탄산,250,1250,124,28.8,20
옥수수수염차,차,600,1750,24,4.4,60
키위 주스,주스,180,3000,49,12.3,0
자몽 탄산,탄산,600,1350,106,24.0,45
녹차,차,600,1250,8,0.5,11
우롱차,차,500,1750,22,5.8,20
진저에일,탄산,250,2100,43,11.5,13
둥굴레차,차,600,1200,37,5.7,1
루이보스차,차,340,1200,0,1.3,19
체리 콜라,탄산,250,1550,80,19.3,5
제로 레몬 탄산,탄산,355,1600,0,0.0,0
레몬 탄산,탄산,250,1750,79,17.7,5
청포도 탄산,탄산,500,1550,199,47.1,25
바닐라라테,커피,200,2600,48,9.3,72
파워 이온음료,이온음료,300,1450,94,21.8,0
자몽 주스,주스,240,2100,66,12.9,0
딸기 주스,주스,240,2850,85,20.2,0
유자 탄산,탄산,250,1300,78,18.3,0
보리차,차,600,1550,17,5.0,4
파인 탄산,탄산,250,2100,78,19.4,4
스포츠 음료,이온음료,300,1450,48,12.4,0
헛개차,차,340,1800,8,0.4,17
무가당 아메리카노,커피,350,2200,0,0.0,135
콜라,탄산,600,1800,104,27.9,10
이온음료,이온음료,600,1200,84,21.6,0
제로 콜라,탄산,500,1900,0,0.0,23
라임 탄산,탄산,600,1350,126,32.9,47
헤이즐넛라테,커피,400,2700,47,10.5,141
사이다,탄산,250,1850,39,12.2,6
아인슈페너,커피,400,1950,41,11.9,115
카라멜마키아토,커피,400,2300,30,8.9,156
오렌지 탄산,탄산,500,1350,193,55.0,6
연유라테,커피,250,3050,14,5.2,108
포도 탄산,탄산,600,2250,119,26.9,3
배 주스,주스,180,2850,53,13.1,0
