종류,산지,무게(g),지름(mm),당도(Brix),껍질 두께(mm)
사과,경북,2790,75.8,13.1,0.37
사과,.,259,79.5,11.8,0.31
사과,강원,272,85.5,NA,0.39
단감,충남,220,7.4,18.0,0.29
사과,강원,263,79.9,NA,0.38
사과,경북,234,76.9,NA,0.33
배,전남,790,123.5,12.8,0.34
배,경기,488,98.4,NA,0.32
사과,경북,297,88.5,NA,0.27
배,경기,491,99.8,NA,0.25
단감,전남,233,75.8,NA,0.31
사과,경북,278,81.7,11.6,NA
단감,전남,180,69.6,16.3,NA
사과,강원,227,77.4,15.8,NA
배,경기,435,98.4,11.9,NA
단감,충남,NA,71.9,18.1,0.35
배,전남,NA,99.3,12.5,0.38
단감,충남,167,66.7,16.9,0.28
배,경기,362,90.6,12.9,0.4
단감,전남,204,72.8,20.1,0.33
사과,충북,227,72.9,14.6,0.32
사과,충북,283,83.1,14.6,0.31
단감,충남,171,68.2,19.3,0.27
사과,경북,235,78.2,13.4,0.39
사과,강원,282,82.6,12.7,0.34
단감,경남,191,69.2,17.5,0.31
사과,경북,285,82.7,13.4,0.37
배,전남,389,90.5,10.1,0.32
배,전남,418,97.0,12.0,0.45
사과,충북,252,78.4,13.8,0.28
배,충남,664,122.1,11.6,0.44
배,충남,320,84.0,14.3,0.45
사과,경북,259,82.1,13.4,0.42
단감,전남,189,67.5,17.9,0.35
단감,충남,189,68.9,15.9,0.24
배,전남,558,107.1,13.5,0.43
사과,강원,275,82.2,14.3,0.39
배,전남,557,109.1,12.9,0.46
사과,강원,310,85.1,13.0,0.3
단감,충남,202,71.3,18.8,0.28
단감,경남,157,64.9,16.4,0.39
단감,경남,230,75.0,18.4,0.37
사과,충북,255,78.9,15.1,0.34
단감,경남,171,67.1,14.7,0.39
배,경기,459,96.2,12.1,0.45
사과,강원,262,81.1,14.3,0.41
단감,충남,211,71.1,18.9,0.34
사과,경북,294,85.4,12.2,0.24
사과,경북,261,80.7,13.9,0.21
사과,경북,226,73.1,14.4,0.37
사과,충북,255,81.5,15.1,0.47
사과,경북,270,84.0,13.9,0.35
단감,전남,222,76.3,15.4,0.33
사과,충북,220,74.2,13.8,0.36
배,충남,436,91.9,12.1,0.39
배,경기,455,98.0,9.6,0.37
단감,전남,174,69.4,18.6,0.23
단감,경남,184,69.2,15.3,0.25
사과,경북,197,71.4,11.5,0.34
배,전남,575,108.0,11.7,0.38
단감,충남,167,65.4,19.2,0.24
배,전남,390,93.3,14.4,0.37
배,충남,473,102.4,11.3,0.32
사과,강원,331,88.0,14.2,0.36
배,경기,453,98.3,11.7,0.34
사과,강원,265,81.1,12.8,0.31
배,경기,641,113.5,11.0,0.36
배,경기,524,104.1,12.1,0.3
단감,충남,156,65.6,16.3,0.37
단감,경남,195,68.8,17.3,0.3
사과,경북,287,85.5,13.4,0.32
단감,경남,170,66.9,17.6,0.44
배,경기,479,101.1,13.5,0.38
사과,충북,290,85.8,13.2,0.27
사과,강원,276,83.3,13.3,0.31
단감,전남,176,65.0,16.4,0.26
사과,강원,287,82.3,15.2,0.32
단감,전남,175,65.3,17.2,0.32
단감,경남,192,70.7,17.9,0.25
배,충남,542,108.0,11.1,0.31
사과,경북,243,78.6,12.7,0.29
단감,경남,175,66.5,14.8,0.36
사과,강원,205,71.0,15.4,0.37
단감,경남,214,72.9,15.4,0.29
배,충남,524,106.5,11.9,0.28
배,전남,629,116.0,10.8,0.32
배,충남,408,94.4,11.0,0.32
배,충남,556,109.0,13.5,0.35
배,충남,587,110.2,11.2,0.4
사과,강원,285,81.1,14.1,0.36
배,충남,539,104.7,12.3,0.38
배,전남,579,106.2,12.2,0.46
배,경기,464,99.2,11.6,0.4
사과,강원,281,82.3,13.9,0.33
배,경기,469,101.4,10.5,0.35
단감,경남,209,71.5,16.9,0.36
사과,경북,208,75.1,10.6,0.29
단감,충남,134,62.6,17.8,0.34
사과,경북,235,76.0,11.6,0.29
배,경기,512,103.0,10.7,0.36
사과,충북,264,82.3,12.4,0.34
단감,전남,199,70.6,15.4,0.33
배,충남,687,117.2,12.3,0.34
단감,전남,185,70.5,15.4,0.23
배,충남,457,97.7,14.2,0.26
배,경기,448,96.0,12.7,0.33
배,충남,321,87.4,10.9,0.28
사과,강원,284,82.5,15.2,0.39
사과,강원,207,68.8,13.9,0.39
배,전남,534,106.0,12.0,0.28
사과,강원,278,84.8,13.2,0.34
단감,충남,195,69.4,18.8,0.29
사과,강원,289,83.5,15.0,0.28
단감,전남,181,68.7,15.2,0.19
단감,전남,205,70.9,16.3,0.32
단감,전남,221,73.7,16.6,0.35
단감,경남,172,71.1,17.1,0.28
사과,충북,271,83.7,13.8,0.41
사과,강원,293,83.2,13.5,0.37
배,경기,524,109.0,11.5,0.35
사과,강원,260,77.8,12.1,0.44
사과,경북,271,82.8,13.6,0.32
단감,충남,196,70.0,15.2,0.3
사과,경북,302,84.8,14.6,0.36
배,충남,361,89.5,12.2,0.46
사과,경북,252,76.9,12.6,0.32
단감,충남,211,72.4,16.6,0.37
배,전남,417,94.5,11.8,0.53
단감,충남,209,74.2,18.4,0.36
사과,경북,271,82.1,13.3,0.27
단감,충남,223,74.4,16.4,0.37
배,경기,558,106.0,11.6,0.37
사과,경북,262,78.8,11.8,0.31
사과,경북,254,80.6,13.9,0.48
단감,충남,155,64.3,18.3,0.24
사과,경북,220,79.3,15.7,0.24
단감,전남,175,67.4,17.6,0.3
사과,강원,240,74.6,13.9,0.4
배,충남,400,94.5,10.9,0.46
사과,경북,249,78.6,14.6,0.3
단감,경남,212,72.7,18.5,0.32
단감,전남,142,61.9,15.5,0.3
단감,전남,169,65.4,17.6,0.24
배,전남,433,97.7,14.7,0.4
배,충남,522,102.6,13.6,0.28
배,전남,381,93.4,12.2,0.29
사과,충북,249,78.8,14.1,0.27
사과,경북,248,75.8,14.6,0.25
사과,충북,281,84.3,14.8,0.37
배,전남,583,112.5,12.4,0.37
배,경기,572,108.5,11.7,0.31
단감,충남,222,73.0,16.0,0.31
사과,경북,229,77.1,12.9,0.37
배,충남,473,102.3,12.6,0.4
배,경기,387,96.6,11.7,0.32
배,경기,470,96.0,12.2,0.45
사과,충북,329,91.3,16.4,0.32
배,경기,565,106.8,12.8,0.46
배,전남,426,94.4,12.9,0.3
단감,전남,183,67.5,16.3,0.44
사과,강원,267,82.3,15.9,0.35
단감,충남,195,70.1,15.8,0.32
배,전남,602,115.9,9.6,0.38
사과,강원,260,79.8,14.2,0.38
사과,경북,228,79.6,15.0,0.3
사과,경북,229,75.1,12.6,0.37
배,충남,506,102.9,13.1,0.3
배,전남,518,106.1,11.5,0.45
단감,경남,157,64.5,16.8,0.29
배,전남,465,97.9,12.6,0.33
배,전남,434,97.0,12.8,0.28
배,경기,512,105.5,13.7,0.36
단감,충남,161,67.2,17.3,0.27
배,경기,390,90.5,12.6,0.43
단감,경남,152,64.0,16.4,0.33
단감,경남,169,68.6,17.9,0.31
단감,충남,216,75.2,16.9,0.27
단감,경남,190,70.5,17.3,0.24
배,충남,544,104.7,13.4,0.32
사과,강원,224,74.3,14.7,0.38
사과,경북,272,82.5,14.4,0.28
사과,경북,247,79.4,17.0,0.32
단감,전남,178,66.2,17.4,0.27
배,경기,572,108.2,13.6,0.41
사과,강원,252,79.0,13.2,0.34
배,충남,434,94.3,13.4,0.37
배,전남,511,99.7,11.7,0.44
사과,충북,305,84.7,14.4,0.31
단감,경남,266,81.0,16.8,0.32
사과,충북,249,78.6,14.2,0.34
배,경기,565,107.7,13.3,0.36
단감,충남,198,71.0,17.8,0.27
사과,경북,228,76.2,15.7,0.35
단감,충남,127,61.3,17.6,0.3
배,충남,289,85.7,12.3,0.41
단감,충남,224,74.7,18.1,0.25
단감,전남,181,67.4,16.4,0.39
사과,경북,293,86.5,14.1,0.23
사과,경북,295,84.3,13.7,0.3
단감,경남,210,74.4,17.2,0.33
사과,경북,297,88.4,14.4,0.3
사과,강원,265,81.1,13.6,0.31
배,경기,466,96.2,12.2,0.45
사과,충북,299,86.1,14.4,0.36
단감,충남,192,69.3,15.8,0.25
배,충남,533,104.1,11.3,0.35
배,전남,527,103.6,13.9,0.27
사과,경북,296,84.0,14.7,0.37
배,경기,485,102.7,10.8,0.33
사과,경북,260,78.0,13.2,0.35
배,전남,406,90.5,9.6,0.35
단감,전남,165,64.3,16.5,0.45
배,충남,572,107.8,9.3,0.37
사과,강원,252,78.5,13.6,0.43
배,경기,627,115.3,12.8,0.41
단감,전남,222,75.6,17.1,0.36
사과,충북,242,76.4,14.0,0.29
단감,경남,143,63.8,16.6,0.28
배,경기,501,103.0,11.1,0.29
단감,경남,202,71.1,18.9,0.29
사과,강원,264,81.5,11.4,0.3
사과,충북,234,76.6,14.9,0.34
사과,경북,289,84.1,10.8,0.27
배,전남,452,97.4,10.9,0.32
단감,충남,190,69.3,16.8,0.34
사과,충북,233,79.7,14.6,0.36
사과,충북,259,82.5,13.4,0.31
배,충남,445,96.3,12.4,0.32
사과,강원,327,91.7,14.2,0.42
단감,충남,207,71.4,18.0,0.37
단감,충남,212,73.8,18.4,0.35
사과,경북,267,80.9,14.8,0.32
단감,충남,161,66.4,16.8,0.23
사과,강원,246,78.8,14.3,0.3
사과,강원,216,74.6,13.2,0.34
배,전남,466,98.9,13.4,0.4
사과,충북,286,84.3,12.6,0.21
사과,경북,251,75.5,12.0,0.38
사과,경북,196,69.3,14.4,0.31
배,충남,443,96.6,12.0,0.37
